<students>
  <student>
    <name>Sample0</name>
    <gender>Male</gender>
    <birthDate>2017-04-01T02:43:04.687726+03:00</birthDate>
    <phoneNumber>000000000</phoneNumber>
    <email>Sample0@abv.bg</email>
    <university>Software University</university>
    <specialty>DB Master</specialty>
    <facultyNumber>012</facultyNumber>
    <exams>
      <exam>
        <name>Sample1</name>
        <dateTaken>2017-04-01T02:43:04.6937304+03:00</dateTaken>
        <grade>6</grade>
      </exam>
    </exams>
  </student>
  <student>
    <name>Sample1</name>
    <gender>Female</gender>
    <birthDate>2017-05-02T02:43:04.6937304+04:00</birthDate>
    <phoneNumber>111111111111</phoneNumber>
    <email>Sample1@abv.bg</email>
    <university>Software University</university>
    <specialty>JavaScript</specialty>
    <facultyNumber>111</facultyNumber>
    <exams>
      <exam>
        <name>Sample1</name>
        <dateTaken>2017-04-01T02:43:04.6937304+03:00</dateTaken>
        <grade>5</grade>
      </exam>
    </exams>
  </student>
  <student>
    <name>Sample2</name>
    <gender>Male</gender>
    <birthDate>2017-07-07T02:43:04.6937304+01:00</birthDate>
    <phoneNumber>49594982</phoneNumber>
    <email>Sample2@abv.bg</email>
    <university>Software University</university>
    <specialty>C#</specialty>
    <facultyNumber>654</facultyNumber>
    <exams>
      <exam>
        <name>Sample1</name>
        <dateTaken>2017-01-07T02:43:04.6937304+08:00</dateTaken>
        <grade>6</grade>
      </exam>
    </exams>
  </student>
  <student>
    <name>Sample3</name>
    <gender>Female</gender>
    <birthDate>2017-04-01T02:43:04.6937304+03:00</birthDate>
    <phoneNumber>734984984898</phoneNumber>
    <email>Sample3@abv.bg</email>
    <university>Software University</university>
    <specialty>Sample3</specialty>
    <facultyNumber>438</facultyNumber>
    <exams>
      <exam>
        <name>Sample1</name>
        <dateTaken>2017-04-01T02:43:04.6937304+03:00</dateTaken>
        <grade>4</grade>
      </exam>
    </exams>
  </student>
  <student>
    <name>Sample4</name>
    <gender>Male</gender>
    <birthDate>2017-12-12T02:43:04.6937304+03:00</birthDate>
    <phoneNumber>12395599</phoneNumber>
    <email>Sample4@abv.bg</email>
    <university>Software University</university>
    <specialty>Developer</specialty>
    <facultyNumber>200</facultyNumber>
    <exams>
      <exam>
        <name>Sample4</name>
        <dateTaken>2017-04-01T02:43:04.6937304+03:00</dateTaken>
        <grade>6</grade>
      </exam>
    </exams>
  </student>
  <student>
    <name>Sample5</name>
    <gender>Female</gender>
    <birthDate>2017-04-01T02:43:04.6937304+03:00</birthDate>
    <phoneNumber>9595998292789</phoneNumber>
    <email>Sample5@abv.bg</email>
    <university>Software University</university>
    <specialty>Developer</specialty>
    <facultyNumber>500</facultyNumber>
    <exams>
      <exam>
        <name>Sample5</name>
        <dateTaken>2017-04-01T02:43:04.6937304+03:00</dateTaken>
        <grade>6</grade>
      </exam>
    </exams>
  </student>